{
  "labels": [
    0,
    1,
    2,
    3,
    4,
    5,
    6,
    7,
    8,
    9
  ],
  "raw": {
    "shape": [
      10,
      10
    ],
    "micro_accuracy": 0.17358490566037735,
    "weighted_f1": 0.1705851213786882,
    "macro_recall": 0.1745303048637411,
    "macro_precision": 0.17058324225029575,
    "macro_f1": 0.17149497870705518,
    "mIoU": 0.09501559529455665,
    "kappa": 0.08171661143294157,
    "mcc": 0.08184144841720847,
    "diagonality_index": 0.047481435464094,
    "offdiag_frobenius": 0.8478268405087471,
    "total_samples": 795,
    "per_class": {
      "precision": [
        0.12162162162162163,
        0.125,
        0.2111111111111111,
        0.14130434782608695,
        0.2222222222222222,
        0.1111111111111111,
        0.12857142857142856,
        0.13978494623655913,
        0.2375,
        0.2676056338028169
      ],
      "recall": [
        0.10714285714285714,
        0.1111111111111111,
        0.23170731707317074,
        0.15853658536585366,
        0.28205128205128205,
        0.0759493670886076,
        0.11538461538461539,
        0.16666666666666666,
        0.24675324675324675,
        0.25
      ],
      "f1": [
        0.1139240506329114,
        0.11764705882352941,
        0.22093023255813954,
        0.14942528735632182,
        0.24858757062146888,
        0.09022556390977442,
        0.12162162162162161,
        0.152046783625731,
        0.24203821656050953,
        0.2585034013605442
      ],
      "iou": [
        0.06040268456375839,
        0.0625,
        0.12418300653594772,
        0.08074534161490683,
        0.14193548387096774,
        0.047244094488188976,
        0.06474820143884892,
        0.08227848101265822,
        0.13768115942028986,
        0.1484375
      ],
      "support": [
        84.0,
        81.0,
        82.0,
        82.0,
        78.0,
        79.0,
        78.0,
        78.0,
        77.0,
        76.0
      ],
      "pred_support": [
        74.0,
        72.0,
        90.0,
        92.0,
        99.0,
        54.0,
        70.0,
        93.0,
        80.0,
        71.0
      ]
    },
    "true_distribution": [
      0.10566037735849057,
      0.1018867924528302,
      0.10314465408805032,
      0.10314465408805032,
      0.09811320754716982,
      0.09937106918238994,
      0.09811320754716982,
      0.09811320754716982,
      0.09685534591194969,
      0.09559748427672957
    ],
    "pred_distribution": [
      0.0930817610062893,
      0.09056603773584905,
      0.11320754716981132,
      0.11572327044025157,
      0.12452830188679245,
      0.06792452830188679,
      0.0880503144654088,
      0.1169811320754717,
      0.10062893081761007,
      0.08930817610062892
    ]
  },
  "global_norm": {
    "shape": [
      10,
      10
    ],
    "sum": 0.9999999999999987,
    "sums_close_to_1": true,
    "accuracy": 0.17358490566037715,
    "macro_recall": 0.17453030486374113,
    "macro_precision": 0.17058324225029578,
    "macro_f1": 0.17149497870705518,
    "mIoU": 0.09501559529455665,
    "H_y_nats": 2.302108219915466,
    "H_yhat_nats": 2.2885697594180447,
    "H_joint_nats": 4.496171802320173,
    "I_nats": 0.0945061770133373,
    "VI_nats": 8.803331250613672,
    "H_y_bits": 3.3212401124617617,
    "H_yhat_bits": 3.3017082426408613,
    "H_joint_bits": 6.486604762192107,
    "I_bits": 0.13634359291051626,
    "VI_bits": 12.70052233856318,
    "per_class_from_global": {
      "precision": [
        0.12162162162162164,
        0.12499999999999999,
        0.21111111111111114,
        0.14130434782608695,
        0.22222222222222224,
        0.1111111111111111,
        0.12857142857142856,
        0.13978494623655915,
        0.23750000000000002,
        0.26760563380281693
      ],
      "recall": [
        0.10714285714285712,
        0.11111111111111112,
        0.23170731707317074,
        0.15853658536585363,
        0.2820512820512821,
        0.0759493670886076,
        0.11538461538461539,
        0.16666666666666669,
        0.24675324675324675,
        0.25000000000000006
      ],
      "f1": [
        0.1139240506329114,
        0.11764705882352941,
        0.22093023255813957,
        0.1494252873563218,
        0.24858757062146894,
        0.09022556390977442,
        0.12162162162162161,
        0.15204678362573099,
        0.24203821656050956,
        0.2585034013605443
      ],
      "p_y": [
        0.10566037735849045,
        0.10188679245283006,
        0.10314465408805018,
        0.1031446540880502,
        0.09811320754716968,
        0.0993710691823898,
        0.09811320754716968,
        0.09811320754716968,
        0.09685534591194957,
        0.09559748427672943
      ],
      "p_yhat": [
        0.09308176100628918,
        0.09056603773584895,
        0.11320754716981117,
        0.11572327044025142,
        0.12452830188679229,
        0.06792452830188671,
        0.0880503144654087,
        0.11698113207547155,
        0.10062893081760993,
        0.08930817610062881
      ]
    }
  },
  "row_norm": {
    "shape": [
      10,
      10
    ],
    "row_sums": [
      0.9999999999999881,
      0.9999999999999878,
      0.9999999999999879,
      0.9999999999999879,
      0.9999999999999875,
      0.9999999999999875,
      0.9999999999999875,
      0.9999999999999875,
      0.9999999999999872,
      0.9999999999999869
    ],
    "rows_close_to_1": true,
    "balanced_accuracy": 0.1745303048637389,
    "diagonality_index": 0.047481435464094,
    "offdiag_frobenius": 0.8448819957721287,
    "per_class": {
      "recall": [
        0.10714285714285587,
        0.11111111111110974,
        0.2317073170731679,
        0.15853658536585175,
        0.28205128205127844,
        0.07594936708860664,
        0.11538461538461392,
        0.16666666666666455,
        0.24675324675324356,
        0.24999999999999672
      ],
      "row_entropy": [
        2.212547874038591,
        2.261151679591515,
        2.194784558590334,
        2.218254826640495,
        2.064332001680823,
        2.2478811290063394,
        2.2674936009547446,
        2.2022748492044073,
        2.1104899190303033,
        2.153340036267088
      ]
    }
  },
  "col_norm": {
    "shape": [
      10,
      10
    ],
    "col_sums": [
      0.9999999999999865,
      0.9999999999999862,
      0.9999999999999891,
      0.9999999999999891,
      0.99999999999999,
      0.9999999999999815,
      0.9999999999999858,
      0.9999999999999893,
      0.9999999999999876,
      0.999999999999986
    ],
    "cols_close_to_1": true,
    "macro_precision": 0.17058324225029364,
    "column_purity_index": 0.04155268367268439,
    "offdiag_frobenius": 0.8560757074457157,
    "per_class": {
      "precision": [
        0.12162162162161999,
        0.12499999999999828,
        0.21111111111110878,
        0.14130434782608542,
        0.22222222222222,
        0.11111111111110905,
        0.12857142857142675,
        0.13978494623655766,
        0.23749999999999705,
        0.26760563380281316
      ],
      "col_entropy": [
        2.2675874945181254,
        2.186304995354484,
        2.18346272717463,
        2.2701162574119365,
        2.206717362464903,
        2.2554540770868634,
        2.1850555995553025,
        2.2274562496888555,
        2.192039727490305,
        2.094870539208856
      ]
    }
  },
  "diagnostics": {
    "global_sum": 0.9999999999999987,
    "global_close_to_1": true,
    "row_sums_close_to_1": true,
    "col_sums_close_to_1": true,
    "top_confusions_by_row": {
      "k=3": [
        {
          "true": "0",
          "preds": [
            "6",
            "7",
            "3"
          ],
          "values": [
            0.17857142857142647,
            0.1309523809523794,
            0.1309523809523794
          ]
        },
        {
          "true": "1",
          "preds": [
            "7",
            "4",
            "0"
          ],