{
  "labels": [
    0,
    1,
    2,
    3,
    4,
    5,
    6,
    7,
    8,
    9
  ],
  "raw": {
    "shape": [
      10,
      10
    ],
    "micro_accuracy": 0.1761006289308176,
    "weighted_f1": 0.17217785135572838,
    "macro_recall": 0.17706669966125724,
    "macro_precision": 0.17300299322065643,
    "macro_f1": 0.1731245802054173,
    "mIoU": 0.09638713859988235,
    "kappa": 0.0843268622072167,
    "mcc": 0.08451987747012168,
    "diagonality_index": 0.05856949753836593,
    "offdiag_frobenius": 0.8424729012369387,
    "total_samples": 795,
    "per_class": {
      "precision": [
        0.10714285714285714,
        0.12790697674418605,
        0.23333333333333334,
        0.10204081632653061,
        0.2608695652173913,
        0.14814814814814814,
        0.12,
        0.16,
        0.22058823529411764,
        0.25
      ],
      "recall": [
        0.10714285714285714,
        0.13580246913580246,
        0.25609756097560976,
        0.12195121951219512,
        0.3076923076923077,
        0.1518987341772152,
        0.07692307692307693,
        0.10256410256410256,
        0.19480519480519481,
        0.3157894736842105
      ],
      "f1": [
        0.10714285714285714,
        0.13173652694610777,
        0.24418604651162792,
        0.11111111111111112,
        0.2823529411764706,
        0.15,
        0.09375000000000001,
        0.125,
        0.20689655172413793,
        0.27906976744186046
      ],
      "iou": [
        0.05660377358490566,
        0.07051282051282051,
        0.1390728476821192,
        0.058823529411764705,
        0.1643835616438356,
        0.08108108108108109,
        0.04918032786885246,
        0.06666666666666667,
        0.11538461538461539,
        0.16216216216216217
      ],
      "support": [
        84.0,
        81.0,
        82.0,
        82.0,
        78.0,
        79.0,
        78.0,
        78.0,
        77.0,
        76.0
      ],
      "pred_support": [
        84.0,
        86.0,
        90.0,
        98.0,
        92.0,
        81.0,
        50.0,
        50.0,
        68.0,
        96.0
      ]
    },
    "true_distribution": [
      0.10566037735849057,
      0.1018867924528302,
      0.10314465408805032,
      0.10314465408805032,
      0.09811320754716982,
      0.09937106918238994,
      0.09811320754716982,
      0.09811320754716982,
      0.09685534591194969,
      0.09559748427672957
    ],
    "pred_distribution": [
      0.10566037735849057,
      0.10817610062893082,
      0.11320754716981132,
      0.12327044025157233,
      0.11572327044025157,
      0.1018867924528302,
      0.06289308176100629,
      0.06289308176100629,
      0.08553459119496855,
      0.12075471698113208
    ]
  },
  "global_norm": {
    "shape": [
      10,
      10
    ],
    "sum": 0.9999999999999987,
    "sums_close_to_1": true,
    "accuracy": 0.17610062893081738,
    "macro_recall": 0.17706669966125724,
    "macro_precision": 0.17300299322065643,
    "macro_f1": 0.1731245802054173,
    "mIoU": 0.09638713859988235,
    "H_y_nats": 2.302108219915466,
    "H_yhat_nats": 2.278551745707461,
    "H_joint_nats": 4.470860890583297,
    "I_nats": 0.10979907503962938,
    "VI_nats": 8.722123631087335,
    "H_y_bits": 3.3212401124617617,
    "H_yhat_bits": 3.2872553039410444,
    "H_joint_bits": 6.450088835348937,
    "I_bits": 0.15840658105386846,
    "VI_bits": 12.583364508590137,
    "per_class_from_global": {
      "precision": [
        0.10714285714285715,
        0.12790697674418605,
        0.23333333333333336,
        0.10204081632653063,
        0.2608695652173913,
        0.14814814814814817,
        0.11999999999999998,
        0.16,
        0.22058823529411764,
        0.25000000000000006
      ],
      "recall": [
        0.10714285714285712,
        0.1358024691358025,
        0.25609756097560976,
        0.12195121951219512,
        0.30769230769230765,
        0.1518987341772152,
        0.07692307692307693,
        0.10256410256410257,
        0.19480519480519481,
        0.3157894736842105
      ],
      "f1": [
        0.10714285714285714,
        0.13173652694610777,
        0.24418604651162792,
        0.11111111111111113,
        0.2823529411764706,
        0.15000000000000002,
        0.09374999999999999,
        0.12500000000000003,
        0.20689655172413793,
        0.27906976744186046
      ],
      "p_y": [
        0.10566037735849045,
        0.10188679245283006,
        0.10314465408805018,
        0.10314465408805018,
        0.09811320754716969,
        0.0993710691823898,
        0.09811320754716968,
        0.09811320754716968,
        0.09685534591194955,
        0.09559748427672944
      ],
      "p_yhat": [
        0.10566037735849042,
        0.10817610062893068,
        0.11320754716981116,
        0.12327044025157215,
        0.11572327044025142,
        0.10188679245283006,
        0.06289308176100622,
        0.0628930817610062,
        0.08553459119496844,
        0.12075471698113191
      ]
    }
  },
  "row_norm": {
    "shape": [
      10,
      10
    ],
    "row_sums": [
      0.9999999999999882,
      0.9999999999999877,
      0.9999999999999879,
      0.999999999999988,
      0.9999999999999873,
      0.9999999999999873,
      0.9999999999999873,
      0.9999999999999873,
      0.9999999999999872,
      0.9999999999999869
    ],
    "rows_close_to_1": true,
    "balanced_accuracy": 0.17706669966125502,
    "diagonality_index": 0.05856949753836593,
    "offdiag_frobenius": 0.8391942876922962,
    "per_class": {
      "recall": [
        0.10714285714285587,
        0.1358024691358008,
        0.25609756097560665,
        0.12195121951219365,
        0.30769230769230377,
        0.15189873417721328,
        0.07692307692307594,
        0.10256410256410126,
        0.1948051948051923,
        0.3157894736842064
      ],
      "row_entropy": [
        2.258100138489535,
        2.249902437390141,
        2.1362371726811435,
        2.126093947456548,
        2.0956658085997506,
        2.212404507717768,
        2.2195612329014724,
        2.2275668219058864,
        2.0771527111358643,
        2.074553632302422
      ]
    }
  },
  "col_norm": {
    "shape": [
      10,
      10
    ],
    "col_sums": [
      0.9999999999999882,
      0.9999999999999883,
      0.9999999999999889,
      0.99999999999999,
      0.9999999999999892,
      0.9999999999999878,
      0.9999999999999798,
      0.9999999999999799,
      0.9999999999999853,
      0.9999999999999897
    ],
    "cols_close_to_1": true,
    "macro_precision": 0.17300299322065418,
    "column_purity_index": 0.050648475939281234,
    "offdiag_frobenius": 0.8562481576296012,
    "per_class": {
      "precision": [
        0.10714285714285587,
        0.12790697674418458,
        0.23333333333333076,
        0.10204081632652957,
        0.26086956521738847,
        0.14814814814814634,
        0.1199999999999976,
        0.15999999999999678,
        0.22058823529411442,
        0.24999999999999742
      ],
      "col_entropy": [
        2.282959696528501,
        2.18945346209104,
        2.2042180986379867,
        2.2712696268028405,
        2.1241729732745274,
        2.241402240834051,
        1.9744739818072037,
        2.23447192968407,
        2.2120118818889645,
        2.1251927815847096
      ]
    }
  },
  "diagnostics": {
    "global_sum": 0.9999999999999987,
    "global_close_to_1": true,
    "row_sums_close_to_1": true,
    "col_sums_close_to_1": true,
    "top_confusions_by_row": {
      "k=3": [
        {
          "true": "0",
          "preds": [
            "6",
            "3",
            "9"
          ],
          "values": [
            0.17857142857142647,
            0.11904761904761764,
            0.10714285714285587
          ]
        },
        {
          "true": "1",
          "preds": [
            "3",
            "4",
            "0"
          ],