{
  "accuracy": [
    0.37991267442703247,
    0.9789847135543823,
    1.0,
    1.0,
    1.0,
    1.0,
    1.0,
    1.0,
    1.0,
    1.0,
    1.0,
    1.0
  ],
  "loss": [
    2.7722864151000977,
    0.08899147063493729,
    0.0029668693896383047,
    0.0006268997094593942,
    0.0003115263534709811,
    0.00018869356426876038,
    0.00013833366392645985,
    0.00012219914060551673,
    0.00010273207590216771,
    9.690112347016111e-05,
    0.00011101243580924347,
    8.669766975799575e-05
  ],
  "top5": [
    0.7298035025596619,
    0.9997270703315735,
    1.0,
    1.0,
    1.0,
    1.0,
    1.0,
    1.0,
    1.0,
    1.0,
    1.0,
    1.0
  ],
  "val_accuracy": [
    0.14194373786449432,
    0.14450128376483917,
    0.1355498731136322,
    0.13810741901397705,
    0.1406649649143219,
    0.13810741901397705,
    0.13810741901397705,
    0.1406649649143219,
    0.13938619196414948,
    0.13810741901397705,
    0.13810741901397705,
    0.13810741901397705
  ],
  "val_loss": [
    4.214286804199219,
    5.686271667480469,
    6.701981067657471,
    7.326327800750732,
    7.720231533050537,
    7.975639820098877,
    8.144598960876465,
    8.257563591003418,
    8.3338041305542,
    8.385204315185547,
    8.420251846313477,
    8.443487167358398
  ],
  "val_top5": [
    0.5575447678565979,
    0.5780051350593567,
    0.5831202268600464,
    0.5856777429580688,
    0.5907928347587585,
    0.5907928347587585,
    0.5920715928077698,
    0.5907928347587585,
    0.5882353186607361,
    0.5882353186607361,
    0.5882353186607361,
    0.5882353186607361
  ]
}