{
  "accuracy": [
    0.08269650489091873,
    0.2961244583129883,
    0.5720524191856384,
    0.8165938854217529,
    0.9473253488540649,
    0.9836244583129883,
    0.9934498071670532,
    0.9975436925888062,
    0.999454140663147,
    0.9997270703315735,
    1.0,
    1.0,
    1.0,
    1.0,
    1.0,
    1.0,
    1.0
  ],
  "loss": [
    3.0570340156555176,
    2.115065574645996,
    1.3850071430206299,
    0.9001861810684204,
    0.604951798915863,
    0.4285285770893097,
    0.3219411373138428,
    0.25361159443855286,
    0.2087470293045044,
    0.17674240469932556,
    0.15440335869789124,
    0.13719405233860016,
    0.12407286465167999,
    0.11341721564531326,
    0.1048508808016777,
    0.09756611287593842,
    0.09144004434347153
  ],
  "top5": [
    0.4735262095928192,
    0.7666484713554382,
    0.938045859336853,
    0.9885371327400208,
    0.9980894923210144,
    0.999454140663147,
    1.0,
    1.0,
    1.0,
    1.0,
    1.0,
    1.0,
    1.0,
    1.0,
    1.0,
    1.0,
    1.0
  ],
  "val_accuracy": [
    0.10102301836013794,
    0.10997442156076431,
    0.12915600836277008,
    0.13682864606380463,
    0.14705882966518402,
    0.1508951336145401,
    0.15217390656471252,
    0.14833760261535645,
    0.1457800567150116,
    0.14705882966518402,
    0.14833760261535645,
    0.14705882966518402,
    0.14705882966518402,
    0.14450128376483917,
    0.14450128376483917,
    0.14322251081466675,
    0.14450128376483917
  ],
  "val_loss": [
    2.807249069213867,
    2.781283378601074,
    2.8393092155456543,
    2.9490761756896973,
    3.079148292541504,
    3.2102131843566895,
    3.3327887058258057,
    3.4428865909576416,
    3.540454864501953,
    3.6256625652313232,
    3.7009239196777344,
    3.767336845397949,
    3.8268489837646484,
    3.8805928230285645,
    3.92988920211792,
    3.9755539894104004,
    4.018460273742676
  ],
  "val_top5": [
    0.5012787580490112,
    0.5255754590034485,
    0.52173912525177,
    0.5358056426048279,
    0.54347825050354,
    0.5562660098075867,
    0.5562660098075867,
    0.5601022839546204,
    0.5562660098075867,
    0.5588235259056091,
    0.5613811016082764,
    0.5664961934089661,
    0.5652173757553101,
    0.5652173757553101,
    0.5664961934089661,
    0.5639386177062988,
    0.5652173757553101
  ]
}