{
  "loss": [
    4.692783832550049,
    4.601823329925537,
    4.2193989753723145,
    3.07718563079834,
    2.434422254562378,
    2.3470590114593506,
    2.3281426429748535,
    2.314225435256958,
    2.3126943111419678,
    2.301790952682495,
    2.2973198890686035,
    2.293433904647827,
    2.288939952850342,
    2.286435842514038,
    2.2823479175567627,
    2.2798948287963867,
    2.277244806289673,
    2.2755401134490967,
    2.2728374004364014,
    2.2707691192626953,
    2.269399642944336,
    2.268063545227051,
    2.265418291091919
  ],
  "val_loss": [
    4.681475639343262,
    4.778794765472412,
    5.338764190673828,
    5.727317810058594,
    5.742617607116699,
    5.678103446960449,
    5.716194152832031,
    5.734611511230469,
    5.737766265869141,
    5.751044273376465,
    5.750619888305664,
    5.75438928604126,
    5.75864839553833,
    5.73849630355835,
    5.759929180145264,
    5.755740165710449,
    5.7575201988220215,
    5.771283149719238,
    5.760365009307861,
    5.762101650238037,
    5.741695880889893,
    5.737333297729492,
    5.739442825317383
  ],
  "val_knn_top1": [
    0.97,
    0.9724,
    0.9692,
    0.9792,
    0.974,
    0.9808,
    0.9788,
    0.978,
    0.9876,
    0.978,
    0.9908,
    0.9744,
    0.9888,
    0.9768,
    0.9712,
    0.9876,
    0.9796,
    0.974,
    0.9676,
    0.9668,
    0.9712,
    0.9784,
    0.9712
  ],
  "val_knn_top5": [
    0.97,
    0.9724,
    0.972,
    0.984,
    0.9772,
    0.9832,
    0.9788,
    0.9804,
    0.9876,
    0.978,
    0.9908,
    0.9768,
    0.9888,
    0.9792,
    0.9712,
    0.99,
    0.9796,
    0.974,
    0.9676,
    0.9688,
    0.9756,
    0.9868,
    0.9712
  ],
  "learning_rate": [
    3.333333370392211e-05,
    6.666666740784422e-05,
    9.999999747378752e-05,
    9.999999747378752e-05,
    9.999977919505909e-05,
    9.999910980695859e-05,
    9.9997989309486e-05,
    9.999642497859895e-05,
    9.999441681429744e-05,
    9.999195754062384e-05,
    9.998905443353578e-05,
    9.998570021707565e-05,
    9.998190216720104e-05,
    9.997766028391197e-05,
    9.997296729125082e-05,
    9.996783046517521e-05,
    9.996224980568513e-05,
    9.995621803682297e-05,
    9.994974243454635e-05,
    9.994282299885526e-05,
    9.99354524537921e-05,
    9.992763807531446e-05,
    9.991937258746475e-05
  ],
  "lr": [
    3.333333370392211e-05,
    6.666666740784422e-05,
    9.999999747378752e-05,
    9.999999747378752e-05,
    9.999977919505909e-05,
    9.999910980695859e-05,
    9.9997989309486e-05,
    9.999642497859895e-05,
    9.999441681429744e-05,
    9.999195754062384e-05,
    9.998905443353578e-05,
    9.998570021707565e-05,
    9.998190216720104e-05,
    9.997766028391197e-05,
    9.997296729125082e-05,
    9.996783046517521e-05,
    9.996224980568513e-05,
    9.995621803682297e-05,
    9.994974243454635e-05,
    9.994282299885526e-05,
    9.99354524537921e-05,
    9.992763807531446e-05,
    9.991937258746475e-05
  ]
}