{
  "accuracy": [
    0.23799127340316772,
    0.48444321751594543,
    0.749454140663147,
    0.9241266250610352,
    0.9822598099708557,
    0.9959061145782471,
    0.999454140663147,
    0.9997270703315735,
    1.0,
    1.0,
    1.0,
    1.0,
    1.0,
    1.0,
    1.0,
    1.0,
    1.0,
    1.0,
    1.0,
    1.0,
    1.0,
    1.0
  ],
  "loss": [
    2.386536121368408,
    1.52617347240448,
    0.8854601979255676,
    0.47763994336128235,
    0.2519487142562866,
    0.14040221273899078,
    0.08495310693979263,
    0.056650277227163315,
    0.04114079102873802,
    0.03200187906622887,
    0.026339711621403694,
    0.022552382200956345,
    0.0198685135692358,
    0.017879681661725044,
    0.016402773559093475,
    0.01519018691033125,
    0.014207937754690647,
    0.01337298471480608,
    0.01266456674784422,
    0.012030072510242462,
    0.011466237716376781,
    0.010953920893371105
  ],
  "top5": [
    0.648744523525238,
    0.8793668150901794,
    0.9800764322280884,
    0.9978166222572327,
    0.9997270703315735,
    1.0,
    1.0,
    1.0,
    1.0,
    1.0,
    1.0,
    1.0,
    1.0,
    1.0,
    1.0,
    1.0,
    1.0,
    1.0,
    1.0,
    1.0,
    1.0,
    1.0
  ],
  "val_accuracy": [
    0.11636828631162643,
    0.13427110016345978,
    0.12276215106248856,
    0.1406649649143219,
    0.14961637556552887,
    0.1560102254152298,
    0.15217390656471252,
    0.14833760261535645,
    0.15345267951488495,
    0.15728899836540222,
    0.15728899836540222,
    0.15856777131557465,
    0.15856777131557465,
    0.15728899836540222,
    0.1560102254152298,
    0.1560102254152298,
    0.1560102254152298,
    0.15473145246505737,
    0.15345267951488495,
    0.15473145246505737,
    0.15473145246505737,
    0.15345267951488495
  ],
  "val_loss": [
    3.0319743156433105,
    3.039796829223633,
    3.1118364334106445,
    3.2213075160980225,
    3.3418173789978027,
    3.456507444381714,
    3.5575568675994873,
    3.6421122550964355,
    3.7113771438598633,
    3.7677342891693115,
    3.8136672973632812,
    3.851499319076538,
    3.883113384246826,
    3.9099977016448975,
    3.9334444999694824,
    3.9541072845458984,
    3.9727227687835693,
    3.9899330139160156,
    4.005921363830566,
    4.021054744720459,
    4.035315990447998,
    4.049050807952881
  ],
  "val_top5": [
    0.528132975101471,
    0.5485933423042297,
    0.549872100353241,
    0.5703324675559998,
    0.5754475593566895,
    0.5780051350593567,
    0.5703324675559998,
    0.572890043258667,
    0.5664961934089661,
    0.5652173757553101,
    0.5652173757553101,
    0.5626598596572876,
    0.5601022839546204,
    0.5588235259056091,
    0.5575447678565979,
    0.5588235259056091,
    0.5588235259056091,
    0.5588235259056091,
    0.5601022839546204,
    0.5601022839546204,
    0.5613811016082764,
    0.5613811016082764
  ]
}