{
  "accuracy": [
    0.22980348765850067,
    0.485807865858078,
    0.7590065598487854,
    0.9334061145782471,
    0.9882642030715942,
    0.9978166222572327,
    0.998908281326294,
    0.9997270703315735,
    1.0,
    1.0,
    1.0,
    1.0,
    1.0,
    1.0,
    1.0,
    1.0
  ],
  "loss": [
    2.3894295692443848,
    1.5194419622421265,
    0.8729009628295898,
    0.46477389335632324,
    0.2414710372686386,
    0.1328565627336502,
    0.0799756646156311,
    0.05320746824145317,
    0.03858649730682373,
    0.030053943395614624,
    0.02473241463303566,
    0.02118738926947117,
    0.018676524981856346,
    0.01681855320930481,
    0.015433687716722488,
    0.014300392009317875
  ],
  "top5": [
    0.6514738202095032,
    0.876091718673706,
    0.9789847135543823,
    0.9975436925888062,
    0.9997270703315735,
    1.0,
    1.0,
    1.0,
    1.0,
    1.0,
    1.0,
    1.0,
    1.0,
    1.0,
    1.0,
    1.0
  ],
  "val_accuracy": [
    0.11125319451093674,
    0.12915600836277008,
    0.13171355426311493,
    0.13299232721328735,
    0.14322251081466675,
    0.15345267951488495,
    0.14961637556552887,
    0.14705882966518402,
    0.14961637556552887,
    0.14705882966518402,
    0.1457800567150116,
    0.14961637556552887,
    0.14961637556552887,
    0.14961637556552887,
    0.14961637556552887,
    0.14833760261535645
  ],
  "val_loss": [
    3.034717082977295,
    3.0274457931518555,
    3.090693235397339,
    3.1962039470672607,
    3.316441297531128,
    3.432706594467163,
    3.535780668258667,
    3.622295379638672,
    3.693204164505005,
    3.750692844390869,
    3.7975568771362305,
    3.8359317779541016,
    3.8679370880126953,
    3.895012140274048,
    3.9184789657592773,
    3.9391021728515625
  ],
  "val_top5": [
    0.5306905508041382,
    0.5485933423042297,
    0.5613811016082764,
    0.5677749514579773,
    0.5690537095069885,
    0.572890043258667,
    0.5690537095069885,
    0.571611225605011,
    0.5690537095069885,
    0.5677749514579773,
    0.5664961934089661,
    0.5664961934089661,
    0.5677749514579773,
    0.5664961934089661,
    0.5664961934089661,
    0.5664961934089661
  ]
}