{
  "accuracy": [
    0.6468340754508972,
    1.0,
    1.0,
    1.0,
    1.0,
    1.0,
    1.0,
    1.0,
    1.0,
    1.0,
    1.0,
    1.0,
    1.0,
    1.0,
    1.0,
    1.0,
    1.0
  ],
  "loss": [
    1.3111552000045776,
    0.04961763694882393,
    0.01411882508546114,
    0.008566752076148987,
    0.006760718300938606,
    0.005545212421566248,
    0.004918624646961689,
    0.004415069706737995,
    0.004061361309140921,
    0.0037781954742968082,
    0.00352626689709723,
    0.003362378804013133,
    0.0031364322640001774,
    0.0029579740948975086,
    0.002764649223536253,
    0.002666943008080125,
    0.0025167460553348064
  ],
  "top5": [
    0.8556222915649414,
    1.0,
    1.0,
    1.0,
    1.0,
    1.0,
    1.0,
    1.0,
    1.0,
    1.0,
    1.0,
    1.0,
    1.0,
    1.0,
    1.0,
    1.0,
    1.0
  ],
  "val_accuracy": [
    0.1355498731136322,
    0.1406649649143219,
    0.14322251081466675,
    0.14194373786449432,
    0.14322251081466675,
    0.14322251081466675,
    0.1457800567150116,
    0.14450128376483917,
    0.14322251081466675,
    0.14322251081466675,
    0.14322251081466675,
    0.14322251081466675,
    0.14322251081466675,
    0.14322251081466675,
    0.14322251081466675,
    0.14322251081466675,
    0.14322251081466675
  ],
  "val_loss": [
    3.0776243209838867,
    3.7132551670074463,
    4.048686504364014,
    4.226381301879883,
    4.3311638832092285,
    4.400366306304932,
    4.4514641761779785,
    4.4930100440979,
    4.529322624206543,
    4.562376499176025,
    4.593408107757568,
    4.622879981994629,
    4.65128755569458,
    4.678616523742676,
    4.705365180969238,
    4.7310404777526855,
    4.755663871765137
  ],
  "val_top5": [
    0.5537084341049194,
    0.5703324675559998,
    0.572890043258667,
    0.5792838931083679,
    0.5754475593566895,
    0.572890043258667,
    0.572890043258667,
    0.5703324675559998,
    0.5703324675559998,
    0.5703324675559998,
    0.5690537095069885,
    0.5652173757553101,
    0.5639386177062988,
    0.5613811016082764,
    0.5613811016082764,
    0.5601022839546204,
    0.5601022839546204
  ]
}